z,symbol,name,state_298k,density_g_cm3,melting_k,boiling_k,ionization_energy_ev,electron_affinity_ev,electronegativity,atomic_radius_pm,source
1,H,Hydrogen,Gas,0.00008988,13.81,20.28,13.598,0.754,2.2,120,PubChem periodic table JSON
2,He,Helium,Gas,0.0001785,0.95,4.22,24.587,,,140,PubChem periodic table JSON
3,Li,Lithium,Solid,0.534,453.65,1615,5.392,0.618,0.98,182,PubChem periodic table JSON
4,Be,Beryllium,Solid,1.85,1560,2744,9.323,,1.57,153,PubChem periodic table JSON
5,B,Boron,Solid,2.37,2348,4273,8.298,0.277,2.04,192,PubChem periodic table JSON
6,C,Carbon,Solid,2.2670,3823,4098,11.260,1.263,2.55,170,PubChem periodic table JSON
7,N,Nitrogen,Gas,0.0012506,63.15,77.36,14.534,,3.04,155,PubChem periodic table JSON
8,O,Oxygen,Gas,0.001429,54.36,90.2,13.618,1.461,3.44,152,PubChem periodic table JSON
9,F,Fluorine,Gas,0.001696,53.53,85.03,17.423,3.339,3.98,135,PubChem periodic table JSON
10,Ne,Neon,Gas,0.0008999,24.56,27.07,21.565,,,154,PubChem periodic table JSON
11,Na,Sodium,Solid,0.97,370.95,1156,5.139,0.548,0.93,227,PubChem periodic table JSON
12,Mg,Magnesium,Solid,1.74,923,1363,7.646,,1.31,173,PubChem periodic table JSON
13,Al,Aluminum,Solid,2.70,933.437,2792,5.986,0.441,1.61,184,PubChem periodic table JSON
14,Si,Silicon,Solid,2.3296,1687,3538,8.152,1.385,1.9,210,PubChem periodic table JSON
15,P,Phosphorus,Solid,1.82,317.3,553.65,10.487,0.746,2.19,180,PubChem periodic table JSON
16,S,Sulfur,Solid,2.067,388.36,717.75,10.360,2.077,2.58,180,PubChem periodic table JSON
17,Cl,Chlorine,Gas,0.003214,171.65,239.11,12.968,3.617,3.16,175,PubChem periodic table JSON
18,Ar,Argon,Gas,0.0017837,83.8,87.3,15.760,,,188,PubChem periodic table JSON
19,K,Potassium,Solid,0.89,336.53,1032,4.341,0.501,0.82,275,PubChem periodic table JSON
20,Ca,Calcium,Solid,1.54,1115,1757,6.113,,1,231,PubChem periodic table JSON
21,Sc,Scandium,Solid,2.99,1814,3109,6.561,0.188,1.36,211,PubChem periodic table JSON
22,Ti,Titanium,Solid,4.5,1941,3560,6.828,0.079,1.54,187,PubChem periodic table JSON
23,V,Vanadium,Solid,6.0,2183,3680,6.746,0.525,1.63,179,PubChem periodic table JSON
24,Cr,Chromium,Solid,7.15,2180,2944,6.767,0.666,1.66,189,PubChem periodic table JSON
25,Mn,Manganese,Solid,7.3,1519,2334,7.434,,1.55,197,PubChem periodic table JSON
26,Fe,Iron,Solid,7.874,1811,3134,7.902,0.163,1.83,194,PubChem periodic table JSON
27,Co,Cobalt,Solid,8.86,1768,3200,7.881,0.661,1.88,192,PubChem periodic table JSON
28,Ni,Nickel,Solid,8.912,1728,3186,7.640,1.156,1.91,163,PubChem periodic table JSON
29,Cu,Copper,Solid,8.933,1357.77,2835,7.726,1.228,1.9,140,PubChem periodic table JSON
30,Zn,Zinc,Solid,7.134,692.68,1180,9.394,,1.65,139,PubChem periodic table JSON
31,Ga,Gallium,Solid,5.91,302.91,2477,5.999,0.3,1.81,187,PubChem periodic table JSON
32,Ge,Germanium,Solid,5.323,1211.4,3106,7.900,1.35,2.01,211,PubChem periodic table JSON
33,As,Arsenic,Solid,5.776,1090,887,9.815,0.81,2.18,185,PubChem periodic table JSON
34,Se,Selenium,Solid,4.809,493.65,958,9.752,2.021,2.55,190,PubChem periodic table JSON
35,Br,Bromine,Liquid,3.11,265.95,331.95,11.814,3.365,2.96,183,PubChem periodic table JSON
36,Kr,Krypton,Gas,0.003733,115.79,119.93,14.000,,3,202,PubChem periodic table JSON
37,Rb,Rubidium,Solid,1.53,312.46,961,4.177,0.468,0.82,303,PubChem periodic table JSON
38,Sr,Strontium,Solid,2.64,1050,1655,5.695,,0.95,249,PubChem periodic table JSON
39,Y,Yttrium,Solid,4.47,1795,3618,6.217,0.307,1.22,219,PubChem periodic table JSON
40,Zr,Zirconium,Solid,6.52,2128,4682,6.634,0.426,1.33,186,PubChem periodic table JSON
41,Nb,Niobium,Solid,8.57,2750,5017,6.759,0.893,1.6,207,PubChem periodic table JSON
42,Mo,Molybdenum,Solid,10.2,2896,4912,7.092,0.746,2.16,209,PubChem periodic table JSON
43,Tc,Technetium,Solid,11,2430,4538,7.28,0.55,1.9,209,PubChem periodic table JSON
44,Ru,Ruthenium,Solid,12.1,2607,4423,7.361,1.05,2.2,207,PubChem periodic table JSON
45,Rh,Rhodium,Solid,12.4,2237,3968,7.459,1.137,2.28,195,PubChem periodic table JSON
46,Pd,Palladium,Solid,12.0,1828.05,3236,8.337,0.557,2.2,202,PubChem periodic table JSON
47,Ag,Silver,Solid,10.501,1234.93,2435,7.576,1.302,1.93,172,PubChem periodic table JSON
48,Cd,Cadmium,Solid,8.69,594.22,1040,8.994,,1.69,158,PubChem periodic table JSON
49,In,Indium,Solid,7.31,429.75,2345,5.786,0.3,1.78,193,PubChem periodic table JSON
50,Sn,Tin,Solid,7.287,505.08,2875,7.344,1.2,1.96,217,PubChem periodic table JSON
51,Sb,Antimony,Solid,6.685,903.78,1860,8.64,1.07,2.05,206,PubChem periodic table JSON
52,Te,Tellurium,Solid,6.232,722.66,1261,9.010,1.971,2.1,206,PubChem periodic table JSON
53,I,Iodine,Solid,4.93,386.85,457.55,10.451,3.059,2.66,198,PubChem periodic table JSON
54,Xe,Xenon,Gas,0.005887,161.36,165.03,12.130,,2.6,216,PubChem periodic table JSON
55,Cs,Cesium,Solid,1.93,301.59,944,3.894,0.472,0.79,343,PubChem periodic table JSON
56,Ba,Barium,Solid,3.62,1000,2170,5.212,,0.89,268,PubChem periodic table JSON
57,La,Lanthanum,Solid,6.15,1191,3737,5.577,0.5,1.1,240,PubChem periodic table JSON
58,Ce,Cerium,Solid,6.770,1071,3697,5.539,0.5,1.12,235,PubChem periodic table JSON
59,Pr,Praseodymium,Solid,6.77,1204,3793,5.464,,1.13,239,PubChem periodic table JSON
60,Nd,Neodymium,Solid,7.01,1294,3347,5.525,,1.14,229,PubChem periodic table JSON
61,Pm,Promethium,Solid,7.26,1315,3273,5.55,,,236,PubChem periodic table JSON
62,Sm,Samarium,Solid,7.52,1347,2067,5.644,,1.17,229,PubChem periodic table JSON
63,Eu,Europium,Solid,5.24,1095,1802,5.670,,,233,PubChem periodic table JSON
64,Gd,Gadolinium,Solid,7.90,1586,3546,6.150,,1.2,237,PubChem periodic table JSON
65,Tb,Terbium,Solid,8.23,1629,3503,5.864,,,221,PubChem periodic table JSON
66,Dy,Dysprosium,Solid,8.55,1685,2840,5.939,,1.22,229,PubChem periodic table JSON
67,Ho,Holmium,Solid,8.80,1747,2973,6.022,,1.23,216,PubChem periodic table JSON
68,Er,Erbium,Solid,9.07,1802,3141,6.108,,1.24,235,PubChem periodic table JSON
69,Tm,Thulium,Solid,9.32,1818,2223,6.184,,1.25,227,PubChem periodic table JSON
70,Yb,Ytterbium,Solid,6.90,1092,1469,6.254,,,242,PubChem periodic table JSON
71,Lu,Lutetium,Solid,9.84,1936,3675,5.426,,1.27,221,PubChem periodic table JSON
72,Hf,Hafnium,Solid,13.3,2506,4876,6.825,,1.3,212,PubChem periodic table JSON
73,Ta,Tantalum,Solid,16.4,3290,5731,7.89,0.322,1.5,217,PubChem periodic table JSON
74,W,Tungsten,Solid,19.3,3695,5828,7.98,0.815,2.36,210,PubChem periodic table JSON
75,Re,Rhenium,Solid,20.8,3459,5869,7.88,0.15,1.9,217,PubChem periodic table JSON
76,Os,Osmium,Solid,22.57,3306,5285,8.7,1.1,2.2,216,PubChem periodic table JSON
77,Ir,Iridium,Solid,22.42,2719,4701,9.1,1.565,2.2,202,PubChem periodic table JSON
78,Pt,Platinum,Solid,21.46,2041.55,4098,9,2.128,2.28,209,PubChem periodic table JSON
79,Au,Gold,Solid,19.282,1337.33,3129,9.226,2.309,2.54,166,PubChem periodic table JSON
80,Hg,Mercury,Liquid,13.5336,234.32,629.88,10.438,,2,209,PubChem periodic table JSON
81,Tl,Thallium,Solid,11.8,577,1746,6.108,0.2,1.62,196,PubChem periodic table JSON
82,Pb,Lead,Solid,11.342,600.61,2022,7.417,0.36,2.33,202,PubChem periodic table JSON
83,Bi,Bismuth,Solid,9.807,544.55,1837,7.289,0.946,2.02,207,PubChem periodic table JSON
84,Po,Polonium,Solid,9.32,527,1235,8.417,1.9,2,197,PubChem periodic table JSON
85,At,Astatine,Solid,7,575,,9.5,2.8,2.2,202,PubChem periodic table JSON
86,Rn,Radon,Gas,0.00973,202,211.45,10.745,,,220,PubChem periodic table JSON
87,Fr,Francium,Solid,,300,,3.9,0.47,0.7,348,PubChem periodic table JSON
88,Ra,Radium,Solid,5,973,1413,5.279,,0.9,283,PubChem periodic table JSON
89,Ac,Actinium,Solid,10.07,1324,3471,5.17,,1.1,260,PubChem periodic table JSON
90,Th,Thorium,Solid,11.72,2023,5061,6.08,,1.3,237,PubChem periodic table JSON
91,Pa,Protactinium,Solid,15.37,1845,,5.89,,1.5,243,PubChem periodic table JSON
92,U,Uranium,Solid,18.95,1408,4404,6.194,,1.38,240,PubChem periodic table JSON
93,Np,Neptunium,Solid,20.25,917,4175,6.266,,1.36,221,PubChem periodic table JSON
94,Pu,Plutonium,Solid,19.84,913,3501,6.06,,1.28,243,PubChem periodic table JSON
95,Am,Americium,Solid,13.69,1449,2284,5.993,,1.3,244,PubChem periodic table JSON
96,Cm,Curium,Solid,13.51,1618,3400,6.02,,1.3,245,PubChem periodic table JSON
97,Bk,Berkelium,Solid,14,1323,,6.23,,1.3,244,PubChem periodic table JSON
98,Cf,Californium,Solid,,1173,,6.30,,1.3,245,PubChem periodic table JSON
99,Es,Einsteinium,Solid,,1133,,6.42,,1.3,245,PubChem periodic table JSON
100,Fm,Fermium,Solid,,1800,,6.50,,1.3,,PubChem periodic table JSON
101,Md,Mendelevium,Solid,,1100,,6.58,,1.3,,PubChem periodic table JSON
102,No,Nobelium,Solid,,1100,,6.65,,1.3,,PubChem periodic table JSON
103,Lr,Lawrencium,Solid,,1900,,,,1.3,,PubChem periodic table JSON
104,Rf,Rutherfordium,Solid,,,,,,,,PubChem periodic table JSON
105,Db,Dubnium,Solid,,,,,,,,PubChem periodic table JSON
106,Sg,Seaborgium,Solid,,,,,,,,PubChem periodic table JSON
107,Bh,Bohrium,Solid,,,,,,,,PubChem periodic table JSON
108,Hs,Hassium,Solid,,,,,,,,PubChem periodic table JSON
109,Mt,Meitnerium,Solid,,,,,,,,PubChem periodic table JSON
110,Ds,Darmstadtium,Solid,,,,,,,,PubChem periodic table JSON
111,Rg,Roentgenium,Solid,,,,,,,,PubChem periodic table JSON
112,Cn,Copernicium,Solid,,,,,,,,PubChem periodic table JSON
113,Nh,Nihonium,Solid,,,,,,,,PubChem periodic table JSON
114,Fl,Flerovium,Solid,,,,,,,,PubChem periodic table JSON
115,Mc,Moscovium,Solid,,,,,,,,PubChem periodic table JSON
116,Lv,Livermorium,Solid,,,,,,,,PubChem periodic table JSON
117,Ts,Tennessine,Solid,,,,,,,,PubChem periodic table JSON
118,Og,Oganesson,Gas,,,,,,,,PubChem periodic table JSON
